{
    "info":{
       "groupId":3000,
       "name":"Japan Egg",
       "imageUri":"https://goods.starpets.gg/api/assets/fetch?id=22egg",
       "type":"egg",
       "subtype":null,
       "age":null,
       "rare":"legendary",
       "pumping":null,
       "flyable":null,
       "rideable":null
    },
    "items":[
       {
          "id":"16312124",
          "product":13134,
          "price":0.1
       },
       {
          "id":"16312125",
          "product":13134,
          "price":3
       },
       {
          "id":"16311970",
          "product":13134,
          "price":3.45
       },
       {
          "id":"16311971",
          "product":13134,
          "price":3.45
       },
       {
          "id":"16311972",
          "product":13134,
          "price":3.45
       }
    ],
    "count":5
 }