
{
   "inventory" : [{"product":1891,"name":"Bunny","imageUri":"https://goods.starpets.gg/api/assets/fetch?id=37","age":"newborn","rare":"rare","type":"pet","subtype":null,"pumping":"default","flyable":false,"rideable":false,"currency":"eur","price":0.03,"date":"2022-08-22T16:59:53.294Z"},{"product":1995,"name":"Dilophosaurus","imageUri":"https://goods.starpets.gg/api/assets/fetch?id=39","age":"newborn","rare":"rare","type":"pet","subtype":null,"pumping":"default","flyable":false,"rideable":false,"currency":"eur","price":0.03,"date":"2022-08-22T16:59:53.304Z"},{"product":2359,"name":"Narwhal","imageUri":"https://goods.starpets.gg/api/assets/fetch?id=47","age":"newborn","rare":"rare","type":"pet","subtype":null,"pumping":"default","flyable":false,"rideable":false,"currency":"eur","price":0.03,"date":"2022-08-22T16:59:53.339Z"},{"product":2411,"name":"Ox","imageUri":"https://goods.starpets.gg/api/assets/fetch?id=48","age":"newborn","rare":"rare","type":"pet","subtype":null,"pumping":"default","flyable":false,"rideable":false,"currency":"eur","price":0.03,"date":"2022-08-22T16:59:53.347Z"},{"product":2567,"name":"Pterodactyl","imageUri":"https://goods.starpets.gg/api/assets/fetch?id=51","age":"newborn","rare":"rare","type":"pet","subtype":null,"pumping":"default","flyable":false,"rideable":false,"currency":"eur","price":0.03,"date":"2022-08-22T16:59:53.342Z"},{"product":2827,"name":"Seahorse","imageUri":"https://goods.starpets.gg/api/assets/fetch?id=56","age":"newborn","rare":"rare","type":"pet","subtype":null,"pumping":"default","flyable":false,"rideable":false,"currency":"eur","price":0.03,"date":"2022-08-22T16:59:53.364Z"},{"product":2983,"name":"Woolly Mammoth","imageUri":"https://goods.starpets.gg/api/assets/fetch?id=59","age":"newborn","rare":"rare","type":"pet","subtype":null,"pumping":"default","flyable":false,"rideable":false,"currency":"eur","price":0.03,"date":"2022-08-24T13:37:33.838Z"},{"product":3919,"name":"Lunar Ox","imageUri":"https://goods.starpets.gg/api/assets/fetch?id=78","age":"newborn","rare":"ultra_rare","type":"pet","subtype":null,"pumping":"default","flyable":false,"rideable":false,"currency":"eur","price":0.03,"date":"2022-08-22T16:59:53.312Z"},{"product":4023,"name":"Red Panda","imageUri":"https://goods.starpets.gg/api/assets/fetch?id=81","age":"newborn","rare":"ultra_rare","type":"pet","subtype":null,"pumping":"default","flyable":false,"rideable":false,"currency":"eur","price":0.03,"date":"2022-08-22T16:59:53.340Z"},{"product":4127,"name":"Sabertooth","imageUri":"https://goods.starpets.gg/api/assets/fetch?id=83","age":"newborn","rare":"ultra_rare","type":"pet","subtype":null,"pumping":"default","flyable":false,"rideable":false,"currency":"eur","price":0.03,"date":"2022-08-22T16:59:53.363Z"},{"product":4179,"name":"Shiba Inu","imageUri":"https://goods.starpets.gg/api/assets/fetch?id=84","age":"newborn","rare":"ultra_rare","type":"pet","subtype":null,"pumping":"default","flyable":false,"rideable":false,"currency":"eur","price":0.03,"date":"2022-08-22T16:59:53.368Z"},{"product":7767,"name":"Halloween White Mummy Cat","imageUri":"https://goods.starpets.gg/api/assets/fetch?id=156","age":"newborn","rare":"rare","type":"pet","subtype":null,"pumping":"default","flyable":false,"rideable":false,"currency":"eur","price":0.03,"date":"2022-08-22T16:59:53.317Z"},{"product":7819,"name":"Halloween Black Mummy Cat","imageUri":"https://goods.starpets.gg/api/assets/fetch?id=157","age":"newborn","rare":"uncommon","type":"pet","subtype":null,"pumping":"default","flyable":false,"rideable":false,"currency":"eur","price":0.03,"date":"2022-08-22T16:59:53.318Z"},{"product":8905,"name":"Lunar Tiger","imageUri":"https://goods.starpets.gg/api/assets/fetch?id=176","age":"newborn","rare":"rare","type":"pet","subtype":null,"pumping":"default","flyable":false,"rideable":false,"currency":"eur","price":0.03,"date":"2022-08-22T16:59:53.323Z"}]
}
